OBJECTID,Join_Count,TARGET_FID,JOIN_FID,Current_name,category,Previous_name,Original_designation,Change_des?,Original_establishment_year,Dataset_area_ha,calculated_area_ha,Province,District,Commune,reference,last_upd_1,language_1,contract_date,sub_decree_date,Name,year_establishment,Inside_PA,PA_name,current_designation,previous designation,Change_des,Original_establishment_Year2,Area_msq,area_ha,Shape_Length_1,Shape_Area_1,Shape_Length,Shape_Area
3,1,3,2,Phnom Aural Wildlife Sanctuary,Wildlife Sanctuary,Phnom Aural,Wildlife Sanctuary,N,1993,254775.2482,"253,750","Koh Kong, Pursat, Kampong Chhnang",Not found,Not found,Royal_Decree_on_Protected_Areas__01.11.1993.pdf,22/5/2014,English,7/23/1998,Not found, ,1998,Y,Phnom Aural Wildlife Sanctuary,Wildlife Sanctuary, , ,1993,233717078.2,23371.70782,102203.7587,233717078.2,292681.3581,2547752482
4,1,3,5,Phnom Aural Wildlife Sanctuary,Wildlife Sanctuary,Phnom Aural,Wildlife Sanctuary,N,1993,254775.2482,"253,750","Koh Kong, Pursat, Kampong Chhnang",Not found,Not found,Royal_Decree_on_Protected_Areas__01.11.1993.pdf,22/5/2014,English,1/8/2000,Not found, ,2000,Y,Tonle Sap Biosphere Multiple Use Area,Multiple Use Management Area, , ,1993,3333499805,333349.9805,413231.2767,3333499805,292681.3581,2547752482
5,1,3,29,Phnom Aural Wildlife Sanctuary,Wildlife Sanctuary,Phnom Aural,Wildlife Sanctuary,N,1993,254775.2482,"253,750","Koh Kong, Pursat, Kampong Chhnang",Not found,Not found,Royal_Decree_on_Protected_Areas__01.11.1993.pdf,22/5/2014,English, , ,HLH,2009,Y,Phnom Aural Wildlife Sanctuary,Wildlife Sanctuary,Wildlife Sanctuary,N,1993,104924491,10492.4491,76857.03122,104924491,292681.3581,2547752482
6,1,3,39,Phnom Aural Wildlife Sanctuary,Wildlife Sanctuary,Phnom Aural,Wildlife Sanctuary,N,1993,254775.2482,"253,750","Koh Kong, Pursat, Kampong Chhnang",Not found,Not found,Royal_Decree_on_Protected_Areas__01.11.1993.pdf,22/5/2014,English, , ,Great Field,2010,Y,Phnom Aural Wildlife Sanctuary,Wildlife Sanctuary, , ,1993,89604390.53,8960.439053,61103.37824,89604390.53,292681.3581,2547752482
7,1,3,40,Phnom Aural Wildlife Sanctuary,Wildlife Sanctuary,Phnom Aural,Wildlife Sanctuary,N,1993,254775.2482,"253,750","Koh Kong, Pursat, Kampong Chhnang",Not found,Not found,Royal_Decree_on_Protected_Areas__01.11.1993.pdf,22/5/2014,English, , ,Phnom Penh Sugar,2010,Y,Phnom Aural Wildlife Sanctuary,Wildlife Sanctuary, , ,1993,120561961.8,12056.19618,46116.06547,120561961.8,292681.3581,2547752482
8,1,3,41,Phnom Aural Wildlife Sanctuary,Wildlife Sanctuary,Phnom Aural,Wildlife Sanctuary,N,1993,254775.2482,"253,750","Koh Kong, Pursat, Kampong Chhnang",Not found,Not found,Royal_Decree_on_Protected_Areas__01.11.1993.pdf,22/5/2014,English, , ,Kampong Speu Sugar,2010,Y,Phnom Aural Wildlife Sanctuary,Wildlife Sanctuary, , ,1993,119889113.7,11988.91137,54575.03857,119889113.7,292681.3581,2547752482
9,1,3,70,Phnom Aural Wildlife Sanctuary,Wildlife Sanctuary,Phnom Aural,Wildlife Sanctuary,N,1993,254775.2482,"253,750","Koh Kong, Pursat, Kampong Chhnang",Not found,Not found,Royal_Decree_on_Protected_Areas__01.11.1993.pdf,22/5/2014,English, , ,Kampong Speu Sugar,2011,Y,Phnom Aural Wildlife Sanctuary,Wildlife Sanctuary, , ,1993,48435266.48,4843.526648,44236.48497,48435266.48,292681.3581,2547752482
10,1,3,74,Phnom Aural Wildlife Sanctuary,Wildlife Sanctuary,Phnom Aural,Wildlife Sanctuary,N,1993,254775.2482,"253,750","Koh Kong, Pursat, Kampong Chhnang",Not found,Not found,Royal_Decree_on_Protected_Areas__01.11.1993.pdf,22/5/2014,English, , ,Reththy Kiri Sakor,2011,Y,Phnom Aural Wildlife Sanctuary,Wildlife Sanctuary,Wildlife Sanctuary,N,1993,15213748.4,1521.37484,17195.35887,15213748.4,292681.3581,2547752482
12,1,5,12,Phnom Prich Wildlife Sanctuary,Wildlife Sanctuary,Phnom Prich,Wildlife Sanctuary,N,1993,222244.5459,"222,500","Ratanak Kiri, Mondul Kiri",Not found,Not found,Royal_Decree_on_Protected_Areas__01.11.1993.pdf,22/5/2014,English,Not found,9/7/2011, ,2011,Y,Phnom Prich Wildlife Sanctuary,Wildlife Sanctuary, , ,1993,91348883.93,9134.888393,62600.5713,91348883.93,255982.0818,2222445459
13,1,5,13,Phnom Prich Wildlife Sanctuary,Wildlife Sanctuary,Phnom Prich,Wildlife Sanctuary,N,1993,222244.5459,"222,500","Ratanak Kiri, Mondul Kiri",Not found,Not found,Royal_Decree_on_Protected_Areas__01.11.1993.pdf,22/5/2014,English,12/8/2009,Not found, ,2009,Y,Phnom Prich Wildlife Sanctuary,Wildlife Sanctuary, , ,1993,102441350.2,10244.13502,43278.4066,102441350.2,255982.0818,2222445459
14,1,5,27,Phnom Prich Wildlife Sanctuary,Wildlife Sanctuary,Phnom Prich,Wildlife Sanctuary,N,1993,222244.5459,"222,500","Ratanak Kiri, Mondul Kiri",Not found,Not found,Royal_Decree_on_Protected_Areas__01.11.1993.pdf,22/5/2014,English, , ,Seang Long Greenland,2008,Y,Phnom Prich Wildlife Sanctuary,Wildlife Sanctuary, , ,1993,99583495.61,9958.349561,42299.27556,99583495.61,255982.0818,2222445459
15,1,5,72,Phnom Prich Wildlife Sanctuary,Wildlife Sanctuary,Phnom Prich,Wildlife Sanctuary,N,1993,222244.5459,"222,500","Ratanak Kiri, Mondul Kiri",Not found,Not found,Royal_Decree_on_Protected_Areas__01.11.1993.pdf,22/5/2014,English, , ,Villa Development,2011,Y,Phnom Prich Wildlife Sanctuary,Wildlife Sanctuary, , ,1993,8255805.229,825.5805229,15610.85554,8255805.229,255982.0818,2222445459
16,1,5,78,Phnom Prich Wildlife Sanctuary,Wildlife Sanctuary,Phnom Prich,Wildlife Sanctuary,N,1993,222244.5459,"222,500","Ratanak Kiri, Mondul Kiri",Not found,Not found,Royal_Decree_on_Protected_Areas__01.11.1993.pdf,22/5/2014,English, , ,Dai Nam,2011,Y,Phnom Prich Wildlife Sanctuary,Wildlife Sanctuary, , ,1993,86323736.29,8632.373629,46804.21754,86323736.29,255982.0818,2222445459
17,1,5,79,Phnom Prich Wildlife Sanctuary,Wildlife Sanctuary,Phnom Prich,Wildlife Sanctuary,N,1993,222244.5459,"222,500","Ratanak Kiri, Mondul Kiri",Not found,Not found,Royal_Decree_on_Protected_Areas__01.11.1993.pdf,22/5/2014,English, , ,Dai Thanh,2011,Y,Phnom Prich Wildlife Sanctuary,Wildlife Sanctuary, , ,1993,85447060.76,8544.706076,48123.74252,85447060.76,255982.0818,2222445459
18,1,5,101,Phnom Prich Wildlife Sanctuary,Wildlife Sanctuary,Phnom Prich,Wildlife Sanctuary,N,1993,222244.5459,"222,500","Ratanak Kiri, Mondul Kiri",Not found,Not found,Royal_Decree_on_Protected_Areas__01.11.1993.pdf,22/5/2014,English, , ,Master K Sun,2012,Y,Phnom Prich Wildlife Sanctuary,Wildlife Sanctuary, , ,1993,76025752.26,7602.575226,41652.8368,76025752.26,255982.0818,2222445459
19,1,5,104,Phnom Prich Wildlife Sanctuary,Wildlife Sanctuary,Phnom Prich,Wildlife Sanctuary,N,1993,222244.5459,"222,500","Ratanak Kiri, Mondul Kiri",Not found,Not found,Royal_Decree_on_Protected_Areas__01.11.1993.pdf,22/5/2014,English, , ,Touchwood (Cambodia),2012,Y,Phnom Prich Wildlife Sanctuary,Wildlife Sanctuary, , ,1993,111674280.4,11167.42804,52716.68909,111674280.4,255982.0818,2222445459
20,1,5,110,Phnom Prich Wildlife Sanctuary,Wildlife Sanctuary,Phnom Prich,Wildlife Sanctuary,N,1993,222244.5459,"222,500","Ratanak Kiri, Mondul Kiri",Not found,Not found,Royal_Decree_on_Protected_Areas__01.11.1993.pdf,22/5/2014,English, , ,Lim Royal Joint Stock,2012,Y,Phnom Prich Wildlife Sanctuary,Wildlife Sanctuary, , ,1993,89045744.64,8904.574464,43215.52797,89045744.64,255982.0818,2222445459
21,1,5,111,Phnom Prich Wildlife Sanctuary,Wildlife Sanctuary,Phnom Prich,Wildlife Sanctuary,N,1993,222244.5459,"222,500","Ratanak Kiri, Mondul Kiri",Not found,Not found,Royal_Decree_on_Protected_Areas__01.11.1993.pdf,22/5/2014,English, , ,Pacific Glory Joint-Stock,2014,Y,Phnom Prich Wildlife Sanctuary,Wildlife Sanctuary, , ,1993,99367961.06,9936.796106,61782.41157,99367961.06,255982.0818,2222445459
22,1,6,31,Lomphat Wildlife Sanctuary,Wildlife Sanctuary,Lomphat,Wildlife Sanctuary,N,1993,250846.2851,"250,000","Ratanak Kiri, Mondul Kiri",Not found,Not found,Royal_Decree_on_Protected_Areas__01.11.1993.pdf,22/5/2014,English, , ,Unigreen Resources,2009,Y,Lomphat Wildlife Sanctuary,Wildlife Sanctuary, , ,1993,117171960.3,11717.19603,46633.78431,117171960.3,325323.3696,2508462851
23,1,6,36,Lomphat Wildlife Sanctuary,Wildlife Sanctuary,Lomphat,Wildlife Sanctuary,N,1993,250846.2851,"250,000","Ratanak Kiri, Mondul Kiri",Not found,Not found,Royal_Decree_on_Protected_Areas__01.11.1993.pdf,22/5/2014,English, , ,Mondulagri Resources,2009,Y,Lomphat Wildlife Sanctuary,Wildlife Sanctuary, , ,1993,97060100.21,9706.010021,48153.59766,97060100.21,325323.3696,2508462851
24,1,6,64,Lomphat Wildlife Sanctuary,Wildlife Sanctuary,Lomphat,Wildlife Sanctuary,N,1993,250846.2851,"250,000","Ratanak Kiri, Mondul Kiri",Not found,Not found,Royal_Decree_on_Protected_Areas__01.11.1993.pdf,22/5/2014,English, , ,Mokod Pich Aphivath,2011,Y,Lomphat Wildlife Sanctuary,Wildlife Sanctuary,Wildlife Sanctuary,N,1993,19727150.75,1972.715075,31849.67636,19727150.75,325323.3696,2508462851
25,1,6,66,Lomphat Wildlife Sanctuary,Wildlife Sanctuary,Lomphat,Wildlife Sanctuary,N,1993,250846.2851,"250,000","Ratanak Kiri, Mondul Kiri",Not found,Not found,Royal_Decree_on_Protected_Areas__01.11.1993.pdf,22/5/2014,English, , ,Daun Penh Agrico,2011,Y,Lomphat Wildlife Sanctuary,Wildlife Sanctuary, , ,1993,101848714.6,10184.87146,54380.89499,101848714.6,325323.3696,2508462851
26,1,6,77,Lomphat Wildlife Sanctuary,Wildlife Sanctuary,Lomphat,Wildlife Sanctuary,N,1993,250846.2851,"250,000","Ratanak Kiri, Mondul Kiri",Not found,Not found,Royal_Decree_on_Protected_Areas__01.11.1993.pdf,22/5/2014,English, , ,Jing Zhong Ri,2011,Y,Lomphat Wildlife Sanctuary,Wildlife Sanctuary, , ,1993,94610839.9,9461.08399,51113.34625,94610839.9,325323.3696,2508462851
27,1,6,92,Lomphat Wildlife Sanctuary,Wildlife Sanctuary,Lomphat,Wildlife Sanctuary,N,1993,250846.2851,"250,000","Ratanak Kiri, Mondul Kiri",Not found,Not found,Royal_Decree_on_Protected_Areas__01.11.1993.pdf,22/5/2014,English, , ,Hoang Anh Andong Meas,2011,Y,Lomphat Wildlife Sanctuary,Wildlife Sanctuary, , ,1993,90461544.54,9046.154454,62180.83623,90461544.54,325323.3696,2508462851
28,1,6,93,Lomphat Wildlife Sanctuary,Wildlife Sanctuary,Lomphat,Wildlife Sanctuary,N,1993,250846.2851,"250,000","Ratanak Kiri, Mondul Kiri",Not found,Not found,Royal_Decree_on_Protected_Areas__01.11.1993.pdf,22/5/2014,English, , ,Hoang Anh Lumpath,2011,Y,Lomphat Wildlife Sanctuary,Wildlife Sanctuary,Wildlife Sanctuary,N,1993,106042811.6,10604.28116,51361.19562,106042811.6,325323.3696,2508462851
29,1,6,109,Lomphat Wildlife Sanctuary,Wildlife Sanctuary,Lomphat,Wildlife Sanctuary,N,1993,250846.2851,"250,000","Ratanak Kiri, Mondul Kiri",Not found,Not found,Royal_Decree_on_Protected_Areas__01.11.1993.pdf,22/5/2014,English, , ,Rat Sokhorn Incorporation,2012,Y,Lomphat Wildlife Sanctuary,Wildlife Sanctuary, , ,1993,88911669.66,8891.166966,65497.50843,88911669.66,325323.3696,2508462851
33,0,10,-1,"Preah Soramrit-Kosomak ""Kirirom"" National Park",National Park,Kirirom,National Park,N,1993,27684.57787,"35,000","Kampong Speu, Koh Kong, Preah Sihanouk",Not found,Not found,Royal_Decree_on_Protected_Areas__01.11.1993.pdf,22/5/2014,English,,,,,,,,,,,,,,,64243.06162,276845779.1
34,1,11,73,Roniem Daun Sam I Wildlife Sanctuary,Wildlife Sanctuary,Roniem Daun Sam I,Wildlife Sanctuary,N,1993,16565.47842,"16,565","Battambang, Banteay Meanchey",Not found,Not found,Royal_Decree_No_291__29.09.2003.pdf,22/5/2014,English, , ,Suon Mean Sambath,2011,Y,Roniem Daun Sam I Wildlife Sanctuary,Wildlife Sanctuary, , ,1993,40999986.68,4099.998668,31999.99495,40999986.68,66930.81318,165654784.1
35,0,12,-1,Preah Vihear Temple Protected Landscape,Protected Landscape,Preah Vihear Temple,Protected Landscape,N,1993,4046.485778,"5,000",Preah Vihear,Not found,Not found,Royal_Decree_on_Protected_Areas__01.11.1993.pdf,22/5/2014,English,,,,,,,,,,,,,,,33581.63003,40464857.74
36,1,13,11,Kulen Promtep Wildlife Sanctuary,Wildlife Sanctuary,Kulen Promtep,Wildlife Sanctuary,N,1993,407070.485,"402,500","Siem Reap, Preah Vihear",Not found,Not found,Royal_Decree_on_Protected_Areas__01.11.1993.pdf,22/5/2014,English,Not found,5/18/2012, ,2012,Y,Kulen Promtep Wildlife Sanctuary,Wildlife Sanctuary, , ,1993,110914197.4,11091.41974,81015.00941,110914197.4,352041.066,4070704851
37,1,13,80,Kulen Promtep Wildlife Sanctuary,Wildlife Sanctuary,Kulen Promtep,Wildlife Sanctuary,N,1993,407070.485,"402,500","Siem Reap, Preah Vihear",Not found,Not found,Royal_Decree_on_Protected_Areas__01.11.1993.pdf,22/5/2014,English, , ,Tomring Rubber,2011,Y,Kulen Promtep Wildlife Sanctuary,Wildlife Sanctuary,Wildlife Sanctuary,N,1993,77544447.2,7754.44472,39359.55226,77544447.2,352041.066,4070704851
38,1,13,81,Kulen Promtep Wildlife Sanctuary,Wildlife Sanctuary,Kulen Promtep,Wildlife Sanctuary,N,1993,407070.485,"402,500","Siem Reap, Preah Vihear",Not found,Not found,Royal_Decree_on_Protected_Areas__01.11.1993.pdf,22/5/2014,English, , ,Data Rubber,2011,Y,Kulen Promtep Wildlife Sanctuary,Wildlife Sanctuary, , ,1993,77059382.69,7705.938269,71910.25295,77059382.69,352041.066,4070704851
39,1,13,82,Kulen Promtep Wildlife Sanctuary,Wildlife Sanctuary,Kulen Promtep,Wildlife Sanctuary,N,1993,407070.485,"402,500","Siem Reap, Preah Vihear",Not found,Not found,Royal_Decree_on_Protected_Areas__01.11.1993.pdf,22/5/2014,English, , ,Serey Mony Transportation & Construction,2011,Y,Kulen Promtep Wildlife Sanctuary,Wildlife Sanctuary,Wildlife Sanctuary,N,1993,73947372.3,7394.73723,51742.75729,73947372.3,352041.066,4070704851
40,1,13,86,Kulen Promtep Wildlife Sanctuary,Wildlife Sanctuary,Kulen Promtep,Wildlife Sanctuary,N,1993,407070.485,"402,500","Siem Reap, Preah Vihear",Not found,Not found,Royal_Decree_on_Protected_Areas__01.11.1993.pdf,22/5/2014,English, , ,Hout Meng Rita,2011,Y,Kulen Promtep Wildlife Sanctuary,Wildlife Sanctuary,Wildlife Sanctuary,N,1993,29507337.41,2950.733741,22561.80409,29507337.41,352041.066,4070704851
41,1,13,90,Kulen Promtep Wildlife Sanctuary,Wildlife Sanctuary,Kulen Promtep,Wildlife Sanctuary,N,1993,407070.485,"402,500","Siem Reap, Preah Vihear",Not found,Not found,Royal_Decree_on_Protected_Areas__01.11.1993.pdf,22/5/2014,English, , ,Excel Cator Plantation,2011,Y,Kulen Promtep Wildlife Sanctuary,Wildlife Sanctuary,Wildlife Sanctuary,N,1993,74723143.31,7472.314331,39133.39159,74723143.31,352041.066,4070704851
42,1,13,91,Kulen Promtep Wildlife Sanctuary,Wildlife Sanctuary,Kulen Promtep,Wildlife Sanctuary,N,1993,407070.485,"402,500","Siem Reap, Preah Vihear",Not found,Not found,Royal_Decree_on_Protected_Areas__01.11.1993.pdf,22/5/2014,English, , ,Nature Plantation (H.K.),2011,Y,Kulen Promtep Wildlife Sanctuary,Wildlife Sanctuary,Wildlife Sanctuary,N,1993,90191789.51,9019.178951,59889.21791,90191789.51,352041.066,4070704851
43,1,13,94,Kulen Promtep Wildlife Sanctuary,Wildlife Sanctuary,Kulen Promtep,Wildlife Sanctuary,N,1993,407070.485,"402,500","Siem Reap, Preah Vihear",Not found,Not found,Royal_Decree_on_Protected_Areas__01.11.1993.pdf,22/5/2014,English, , ,Best Royal (K),2011,Y,Kulen Promtep Wildlife Sanctuary,Wildlife Sanctuary,Wildlife Sanctuary,N,1993,81159274.21,8115.927421,43858.80726,81159274.21,352041.066,4070704851
44,1,13,95,Kulen Promtep Wildlife Sanctuary,Wildlife Sanctuary,Kulen Promtep,Wildlife Sanctuary,N,1993,407070.485,"402,500","Siem Reap, Preah Vihear",Not found,Not found,Royal_Decree_on_Protected_Areas__01.11.1993.pdf,22/5/2014,English, , ,Tay Ninh - Siem Reap Rubber,2011,Y,Kulen Promtep Wildlife Sanctuary,Wildlife Sanctuary,Wildlife Sanctuary,N,1993,92274306.64,9227.430664,52680.40139,92274306.64,352041.066,4070704851
45,1,13,97,Kulen Promtep Wildlife Sanctuary,Wildlife Sanctuary,Kulen Promtep,Wildlife Sanctuary,N,1993,407070.485,"402,500","Siem Reap, Preah Vihear",Not found,Not found,Royal_Decree_on_Protected_Areas__01.11.1993.pdf,22/5/2014,English, , ,Sok Samnang Development,2012,Y,Kulen Promtep Wildlife Sanctuary,Wildlife Sanctuary,Wildlife Sanctuary,N,1993,21354775.8,2135.47758,27487.2779,21354775.8,352041.066,4070704851
46,1,13,98,Kulen Promtep Wildlife Sanctuary,Wildlife Sanctuary,Kulen Promtep,Wildlife Sanctuary,N,1993,407070.485,"402,500","Siem Reap, Preah Vihear",Not found,Not found,Royal_Decree_on_Protected_Areas__01.11.1993.pdf,22/5/2014,English, , ,Hout Meng Rita,2012,Y,Kulen Promtep Wildlife Sanctuary,Wildlife Sanctuary,Wildlife Sanctuary,N,1993,14235065.27,1423.506527,15245.89211,14235065.27,352041.066,4070704851
47,1,13,99,Kulen Promtep Wildlife Sanctuary,Wildlife Sanctuary,Kulen Promtep,Wildlife Sanctuary,N,1993,407070.485,"402,500","Siem Reap, Preah Vihear",Not found,Not found,Royal_Decree_on_Protected_Areas__01.11.1993.pdf,22/5/2014,English, , ,Cambodia Blue Heaven,2012,Y,Kulen Promtep Wildlife Sanctuary,Wildlife Sanctuary, , ,1993,91792774.71,9179.277471,59835.16173,91792774.71,352041.066,4070704851
48,1,13,100,Kulen Promtep Wildlife Sanctuary,Wildlife Sanctuary,Kulen Promtep,Wildlife Sanctuary,N,1993,407070.485,"402,500","Siem Reap, Preah Vihear",Not found,Not found,Royal_Decree_on_Protected_Areas__01.11.1993.pdf,22/5/2014,English, , ,Lun Agritech Investment,2012,Y,Kulen Promtep Wildlife Sanctuary,Wildlife Sanctuary,Wildlife Sanctuary,N,1993,41143796.14,4114.379614,26356.59009,41143796.14,352041.066,4070704851
49,1,13,103,Kulen Promtep Wildlife Sanctuary,Wildlife Sanctuary,Kulen Promtep,Wildlife Sanctuary,N,1993,407070.485,"402,500","Siem Reap, Preah Vihear",Not found,Not found,Royal_Decree_on_Protected_Areas__01.11.1993.pdf,22/5/2014,English, , ,Ly Chhuong Construction & Import Export,2012,Y,Kulen Promtep Wildlife Sanctuary,Wildlife Sanctuary, , ,1993,59423962.88,5942.396288,45698.56613,59423962.88,352041.066,4070704851
50,1,13,105,Kulen Promtep Wildlife Sanctuary,Wildlife Sanctuary,Kulen Promtep,Wildlife Sanctuary,N,1993,407070.485,"402,500","Siem Reap, Preah Vihear",Not found,Not found,Royal_Decree_on_Protected_Areas__01.11.1993.pdf,22/5/2014,English, , ,Metrei Pheap Kase-Ousahakam,2012,Y,Kulen Promtep Wildlife Sanctuary,Wildlife Sanctuary,Wildlife Sanctuary,N,1993,84289422.9,8428.94229,64323.70672,84289422.9,352041.066,4070704851
51,1,13,106,Kulen Promtep Wildlife Sanctuary,Wildlife Sanctuary,Kulen Promtep,Wildlife Sanctuary,N,1993,407070.485,"402,500","Siem Reap, Preah Vihear",Not found,Not found,Royal_Decree_on_Protected_Areas__01.11.1993.pdf,22/5/2014,English, , ,Se Hong Plantation,2012,Y,Kulen Promtep Wildlife Sanctuary,Wildlife Sanctuary, , ,1993,94444675.66,9444.467566,46200.06076,94444675.66,352041.066,4070704851
52,1,13,108,Kulen Promtep Wildlife Sanctuary,Wildlife Sanctuary,Kulen Promtep,Wildlife Sanctuary,N,1993,407070.485,"402,500","Siem Reap, Preah Vihear",Not found,Not found,Royal_Decree_on_Protected_Areas__01.11.1993.pdf,22/5/2014,English, , ,Eminent Elite (Cambodia),2012,Y,Kulen Promtep Wildlife Sanctuary,Wildlife Sanctuary, , ,1993,115177212.2,11517.72122,61474.01182,115177212.2,352041.066,4070704851
53,1,14,1,Preah Monivong National Park,National Park,Preah Monivong (Bokor),National Park and ASEAN Heritage Park,Y,1993,141800.4589,"140,000",Kampot,Not found,Not found,Royal_Decree_on_Protected_Areas__01.11.1993.pdf,22/5/2014,English,3/18/2000,Not found, ,2000,Y,Preah Monivong National Park,National Park, , ,1993,173255746.8,17325.57468,52349.85971,173255746.8,182206.7715,1418004589
54,1,14,17,Preah Monivong National Park,National Park,Preah Monivong (Bokor),National Park and ASEAN Heritage Park,Y,1993,141800.4589,"140,000",Kampot,Not found,Not found,Royal_Decree_on_Protected_Areas__01.11.1993.pdf,22/5/2014,English, , ,Camland II,2000,Y,Preah Monivong National Park,National Park, , ,1993,108205329.9,10820.53299,63800.34532,108205329.9,182206.7715,1418004589
55,1,14,18,Preah Monivong National Park,National Park,Preah Monivong (Bokor),National Park and ASEAN Heritage Park,Y,1993,141800.4589,"140,000",Kampot,Not found,Not found,Royal_Decree_on_Protected_Areas__01.11.1993.pdf,22/5/2014,English, , ,Camland I,2000,Y,Preah Monivong National Park,National Park, , ,1993,56430284.83,5643.028483,70436.2315,56430284.83,182206.7715,1418004589
56,1,14,19,Preah Monivong National Park,National Park,Preah Monivong (Bokor),National Park and ASEAN Heritage Park,Y,1993,141800.4589,"140,000",Kampot,Not found,Not found,Royal_Decree_on_Protected_Areas__01.11.1993.pdf,22/5/2014,English, , ,World Tristar,2005,Y,Preah Monivong National Park,National Park, , ,1993,128642488.1,12864.24881,45788.33817,128642488.1,182206.7715,1418004589
57,1,14,20,Preah Monivong National Park,National Park,Preah Monivong (Bokor),National Park and ASEAN Heritage Park,Y,1993,141800.4589,"140,000",Kampot,Not found,Not found,Royal_Decree_on_Protected_Areas__01.11.1993.pdf,22/5/2014,English, , ,First Biotech,2005,Y,Preah Monivong National Park,National Park, , ,1993,100170491.9,10017.04919,75216.23893,100170491.9,182206.7715,1418004589
58,1,14,62,Preah Monivong National Park,National Park,Preah Monivong (Bokor),National Park and ASEAN Heritage Park,Y,1993,141800.4589,"140,000",Kampot,Not found,Not found,Royal_Decree_on_Protected_Areas__01.11.1993.pdf,22/5/2014,English, , ,Virtus Green Plantation,2011,Y,Preah Monivong National Park,National Park, , ,1993,71878046.49,7187.804649,63819.0794,71878046.49,182206.7715,1418004589
59,1,14,71,Preah Monivong National Park,National Park,Preah Monivong (Bokor),National Park and ASEAN Heritage Park,Y,1993,141800.4589,"140,000",Kampot,Not found,Not found,Royal_Decree_on_Protected_Areas__01.11.1993.pdf,22/5/2014,English, , ,Bokor Sok Kong,2011,Y,Preah Monivong National Park,National Park, , ,1993,173376685.2,17337.66852,145718.9564,173376685.2,182206.7715,1418004589
60,0,15,-1,Phnom Kulen National Park,National Park,Phnom Kulen,National Park,N,1993,37375.07778,"37,500",Siem Reap,Not found,Not found,Royal_Decree_on_Protected_Areas__01.11.1993.pdf; Ministry_of_Environment_Kulen__28.07.2014.pdf,22/5/2014,English,,,,,,,,,,,,,,,100682.9303,373750778.7
64,1,17,37,Beng Per Wildlife Sanctuary,Wildlife Sanctuary,Beng Per,Wildlife Sanctuary,N,1993,249223.7892,"242,500",Kampong Thom,Not found,Not found,Royal_Decree_on_Protected_Areas__01.11.1993.pdf,22/5/2014,English, , ,Bean Heak,2010,Y,Beng Per Wildlife Sanctuary,Wildlife Sanctuary,Wildlife Sanctuary,N,1993,43888800.87,4388.880087,28280.0003,43888800.87,316421.3918,2492237892
65,1,17,38,Beng Per Wildlife Sanctuary,Wildlife Sanctuary,Beng Per,Wildlife Sanctuary,N,1993,249223.7892,"242,500",Kampong Thom,Not found,Not found,Royal_Decree_on_Protected_Areas__01.11.1993.pdf,22/5/2014,English, , ,CRCK 2,2010,Y,Beng Per Wildlife Sanctuary,Wildlife Sanctuary, , ,1993,75427428.95,7542.742895,35475.1688,75427428.95,316421.3918,2492237892
66,1,17,44,Beng Per Wildlife Sanctuary,Wildlife Sanctuary,Beng Per,Wildlife Sanctuary,N,1993,249223.7892,"242,500",Kampong Thom,Not found,Not found,Royal_Decree_on_Protected_Areas__01.11.1993.pdf,22/5/2014,English, , ,Caoutchouc Mekong,2010,Y,Beng Per Wildlife Sanctuary,Wildlife Sanctuary,Wildlife Sanctuary,N,1993,88924761.02,8892.476102,45589.97397,88924761.02,316421.3918,2492237892
67,1,17,49,Beng Per Wildlife Sanctuary,Wildlife Sanctuary,Beng Per,Wildlife Sanctuary,N,1993,249223.7892,"242,500",Kampong Thom,Not found,Not found,Royal_Decree_on_Protected_Areas__01.11.1993.pdf,22/5/2014,English, , ,An Mady Group,2010,Y,Beng Per Wildlife Sanctuary,Wildlife Sanctuary,Wildlife Sanctuary,N,1993,101344026.8,10134.40268,45223.87449,101344026.8,316421.3918,2492237892
68,1,17,50,Beng Per Wildlife Sanctuary,Wildlife Sanctuary,Beng Per,Wildlife Sanctuary,N,1993,249223.7892,"242,500",Kampong Thom,Not found,Not found,Royal_Decree_on_Protected_Areas__01.11.1993.pdf,22/5/2014,English, , ,C.A.D.I,2010,Y,Beng Per Wildlife Sanctuary,Wildlife Sanctuary,Wildlife Sanctuary,N,1993,82195405.43,8219.540543,42278.0252,82195405.43,316421.3918,2492237892
69,1,17,56,Beng Per Wildlife Sanctuary,Wildlife Sanctuary,Beng Per,Wildlife Sanctuary,N,1993,249223.7892,"242,500",Kampong Thom,Not found,Not found,Royal_Decree_on_Protected_Areas__01.11.1993.pdf,22/5/2014,English, , ,Rithy Granite (Cambodia),2011,Y,Beng Per Wildlife Sanctuary,Wildlife Sanctuary,Wildlife Sanctuary,N,1993,20360263.97,2036.026397,19661.60706,20360263.97,316421.3918,2492237892
70,1,17,68,Beng Per Wildlife Sanctuary,Wildlife Sanctuary,Beng Per,Wildlife Sanctuary,N,1993,249223.7892,"242,500",Kampong Thom,Not found,Not found,Royal_Decree_on_Protected_Areas__01.11.1993.pdf,22/5/2014,English, , ,CRCK 2,2011,Y,Beng Per Wildlife Sanctuary,Wildlife Sanctuary,Wildlife Sanctuary,N,1993,21836609.19,2183.660919,20900.16061,21836609.19,316421.3918,2492237892
71,1,17,69,Beng Per Wildlife Sanctuary,Wildlife Sanctuary,Beng Per,Wildlife Sanctuary,N,1993,249223.7892,"242,500",Kampong Thom,Not found,Not found,Royal_Decree_on_Protected_Areas__01.11.1993.pdf,22/5/2014,English, , ,Bean Heak 2,2011,Y,Beng Per Wildlife Sanctuary,Wildlife Sanctuary,Wildlife Sanctuary,N,1993,55809482.41,5580.948241,30134.02662,55809482.41,316421.3918,2492237892
72,1,17,75,Beng Per Wildlife Sanctuary,Wildlife Sanctuary,Beng Per,Wildlife Sanctuary,N,1993,249223.7892,"242,500",Kampong Thom,Not found,Not found,Royal_Decree_on_Protected_Areas__01.11.1993.pdf,22/5/2014,English, , ,Sovannaphum Viniyok Kase-Usahakam,2011,Y,Beng Per Wildlife Sanctuary,Wildlife Sanctuary,Wildlife Sanctuary,N,1993,99132446.52,9913.244652,39961.9432,99132446.52,316421.3918,2492237892
73,1,17,76,Beng Per Wildlife Sanctuary,Wildlife Sanctuary,Beng Per,Wildlife Sanctuary,N,1993,249223.7892,"242,500",Kampong Thom,Not found,Not found,Royal_Decree_on_Protected_Areas__01.11.1993.pdf,22/5/2014,English, , ,Try Pheap Import & Export,2011,Y,Beng Per Wildlife Sanctuary,Wildlife Sanctuary,Wildlife Sanctuary,N,1993,99402200.27,9940.220027,52963.54781,99402200.27,316421.3918,2492237892
74,1,17,84,Beng Per Wildlife Sanctuary,Wildlife Sanctuary,Beng Per,Wildlife Sanctuary,N,1993,249223.7892,"242,500",Kampong Thom,Not found,Not found,Royal_Decree_on_Protected_Areas__01.11.1993.pdf,22/5/2014,English, , ,Tepi Agro Investment,2011,Y,Beng Per Wildlife Sanctuary,Wildlife Sanctuary,Wildlife Sanctuary,N,1993,9994904.304,999.4904304,13721.89021,9994904.304,316421.3918,2492237892
75,1,17,87,Beng Per Wildlife Sanctuary,Wildlife Sanctuary,Beng Per,Wildlife Sanctuary,N,1993,249223.7892,"242,500",Kampong Thom,Not found,Not found,Royal_Decree_on_Protected_Areas__01.11.1993.pdf,22/5/2014,English, , ,Sambath Platinum,2011,Y,Beng Per Wildlife Sanctuary,Wildlife Sanctuary,Wildlife Sanctuary,N,1993,24825399.07,2482.539907,21745.75664,24825399.07,316421.3918,2492237892
76,1,17,89,Beng Per Wildlife Sanctuary,Wildlife Sanctuary,Beng Per,Wildlife Sanctuary,N,1993,249223.7892,"242,500",Kampong Thom,Not found,Not found,Royal_Decree_on_Protected_Areas__01.11.1993.pdf,22/5/2014,English, , ,Srey Panha Aphivath,2011,Y,Beng Per Wildlife Sanctuary,Wildlife Sanctuary,Wildlife Sanctuary,N,1993,4161226.704,416.1226704,9597.220226,4161226.704,316421.3918,2492237892
77,1,17,96,Beng Per Wildlife Sanctuary,Wildlife Sanctuary,Beng Per,Wildlife Sanctuary,N,1993,249223.7892,"242,500",Kampong Thom,Not found,Not found,Royal_Decree_on_Protected_Areas__01.11.1993.pdf,22/5/2014,English, , ,Pour Khouch Aphivath,2011,Y,Beng Per Wildlife Sanctuary,Wildlife Sanctuary,Wildlife Sanctuary,N,1993,3589445.654,358.9445654,12455.01017,3589445.654,316421.3918,2492237892
78,1,17,107,Beng Per Wildlife Sanctuary,Wildlife Sanctuary,Beng Per,Wildlife Sanctuary,N,1993,249223.7892,"242,500",Kampong Thom,Not found,Not found,Royal_Decree_on_Protected_Areas__01.11.1993.pdf,22/5/2014,English, , ,Green Choice (Cambodia),2012,Y,Beng Per Wildlife Sanctuary,Wildlife Sanctuary, , ,1993,107389710.3,10738.97103,50895.9176,107389710.3,316421.3918,2492237892
79,1,18,23,Phnom Namlear Wildlife Sanctuary,Wildlife Sanctuary,Pnom Namlear,Wildlife Sanctuary,N,1993,45879.50841,"47,500",Mondul Kiri,Not found,Not found,Royal_Decree_on_Protected_Areas__01.11.1993.pdf,22/5/2014,English, , ,Coviphama,2008,Y,Phnom Namlear Wildlife Sanctuary,Wildlife Sanctuary, , ,1993,53373742.31,5337.374231,34429.71627,53373742.31,168022.3822,458795083.9
80,1,18,25,Phnom Namlear Wildlife Sanctuary,Wildlife Sanctuary,Pnom Namlear,Wildlife Sanctuary,N,1993,45879.50841,"47,500",Mondul Kiri,Not found,Not found,Royal_Decree_on_Protected_Areas__01.11.1993.pdf,22/5/2014,English, , ,Dak Lak,2008,Y,Phnom Namlear Wildlife Sanctuary,Wildlife Sanctuary, , ,1993,50895756.76,5089.575676,41711.83619,50895756.76,168022.3822,458795083.9
81,1,18,32,Phnom Namlear Wildlife Sanctuary,Wildlife Sanctuary,Pnom Namlear,Wildlife Sanctuary,N,1993,45879.50841,"47,500",Mondul Kiri,Not found,Not found,Royal_Decree_on_Protected_Areas__01.11.1993.pdf,22/5/2014,English, , ,Varanasi - SOCFIN KCD,2009,Y,Phnom Namlear Wildlife Sanctuary,Wildlife Sanctuary, , ,1993,25412723.27,2541.272327,23920.78039,25412723.27,168022.3822,458795083.9
82,1,18,42,Phnom Namlear Wildlife Sanctuary,Wildlife Sanctuary,Pnom Namlear,Wildlife Sanctuary,N,1993,45879.50841,"47,500",Mondul Kiri,Not found,Not found,Royal_Decree_on_Protected_Areas__01.11.1993.pdf,22/5/2014,English, , ,Sethikula - SOCFIN KCD,2010,Y,Phnom Namlear Wildlife Sanctuary,Wildlife Sanctuary, , ,1993,42930732.39,4293.073239,43823.61203,42930732.39,168022.3822,458795083.9
83,1,18,59,Phnom Namlear Wildlife Sanctuary,Wildlife Sanctuary,Pnom Namlear,Wildlife Sanctuary,N,1993,45879.50841,"47,500",Mondul Kiri,Not found,Not found,Royal_Decree_on_Protected_Areas__01.11.1993.pdf,22/5/2014,English, , ,K-Peace / Sitthi Agriculture Plantation,2011,Y,Phnom Namlear Wildlife Sanctuary,Wildlife Sanctuary, , ,1993,5222597.894,522.2597894,13588.21066,5222597.894,168022.3822,458795083.9
84,1,18,102,Phnom Namlear Wildlife Sanctuary,Wildlife Sanctuary,Pnom Namlear,Wildlife Sanctuary,N,1993,45879.50841,"47,500",Mondul Kiri,Not found,Not found,Royal_Decree_on_Protected_Areas__01.11.1993.pdf,22/5/2014,English, , ,Mega First Corportation,2012,Y,Phnom Namlear Wildlife Sanctuary,Wildlife Sanctuary, , ,1993,95062127.53,9506.212753,45006.68934,95062127.53,168022.3822,458795083.9
85,1,19,7,Dong Peng Multiple Use Area,Multiple Use Management Area,Dong Peng,Multiple Use Management Area,N,1993,29098.45648,"27,700",Koh Kong,Not found,Not found,Royal_Decree_on_Protected_Areas__01.11.1993.pdf,22/5/2014,English,Not found,2/22/2011, ,2011,Y,Dong Peng Multiple Use Area,Multiple Use Management Area, , ,1993,632399.0088,63.23990088,4459.470256,632399.0088,104533.3384,290984564.7
91,1,25,16,Roniem Daun Sam II Wildlife Sanctuary,Wildlife Sanctuary,Roniem Daun Sam II,Wildlife Sanctuary,N,1993,21267.92452,"21,335",Battambang,Not found,Not found,Royal_Decree_No_291__29.09.2003.pdf,22/5/2014,English, , ,Leang Hour Hong,2000,Y,Roniem Daun Sam II Wildlife Sanctuary,Wildlife Sanctuary, , ,1993,109190295.4,10919.02954,80885.09078,109190295.4,64744.08985,212679244.4
92,1,26,14,Protected Landscape Banteay Chmar,Protected Landscape,Banteay Chhmar,Protected Landscape,N,1993,84720.26948,"81,200","Banteay Meanchey, Oddar Meanchey",Not found,Not found,Royal_Decree_on_Protected_Areas__01.11.1993.pdf,22/5/2014,English,12/3/2010,Not found, ,2010,Y,Protected Landscape Banteay Chmar,Protected Landscape, , ,1993,11137145.76,1113.714576,14514.63763,11137145.76,167744.6755,847202694.7
93,1,26,67,Protected Landscape Banteay Chmar,Protected Landscape,Banteay Chhmar,Protected Landscape,N,1993,84720.26948,"81,200","Banteay Meanchey, Oddar Meanchey",Not found,Not found,Royal_Decree_on_Protected_Areas__01.11.1993.pdf,22/5/2014,English, , ,Cheat Aphivat,2011,Y,Protected Landscape Banteay Chmar,Protected Landscape,Protected Landscape,N,1993,60546336.16,6054.633616,47478.34745,60546336.16,167744.6755,847202694.7
95,1,28,5,Tonle Sap Biosphere Multiple Use Area,Multiple Use Management Area, , ,N,1993,331424.4668,"316,250","Kampong Chhnang, Kampong Thom, Siem Reap, Battambang, Pursat",Not found,Not found,Royal_Decree_on_Protected_Areas__01.11.1993.pdf,22/5/2014,English,1/8/2000,Not found, ,2000,Y,Tonle Sap Biosphere Multiple Use Area,Multiple Use Management Area, , ,1993,3333499805,333349.9805,413231.2767,3333499805,845395.4137,3314244669
96,1,29,5,Tonle Sap Biosphere Multiple Use Area,Multiple Use Management Area, , ,N,1993,331424.4668,"316,250","Kampong Chhnang, Kampong Thom, Siem Reap, Battambang, Pursat",Not found,Not found,Royal_Decree_on_Protected_Areas__01.11.1993.pdf,22/5/2014,English,1/8/2000,Not found, ,2000,Y,Tonle Sap Biosphere Multiple Use Area,Multiple Use Management Area, , ,1993,3333499805,333349.9805,413231.2767,3333499805,845395.4137,3314244669
100,0,33,-1,Cultural Resort of Banteay Chmar Temple,Protected Landscape,Banteay Chhmar,Protected Landscape,N,1993,871.8474837,780,Banteay Meanchey,Not found,Not found,Royal_Decree_No_117__13.03.2003.pdf; Royal_Decree_on_Protected_Areas__01.11.1993.pdf,22/5/2014,English,,,,,,,,,,,,,,,15113.80132,8718474.636
115,1,38,3,Virachey National Park,National Park,Virachey,National Park and ASEAN Heritage Park,Y,1993,338632.7077,"332,500",Stung Treng,Not found,Not found,Royal_Decree_on_Protected_Areas__01.11.1993.pdf,22/5/2014,English,11/23/2001,Not found, ,2001,Y,Siem Pang Wildlife Sanctuary,Wildlife Sanctuary,Protected Forest,Y,2014,1577968932,157796.8932,281578.7471,1577968932,529037.3279,3386327076
116,1,38,10,Virachey National Park,National Park,Virachey,National Park and ASEAN Heritage Park,Y,1993,338632.7077,"332,500",Stung Treng,Not found,Not found,Royal_Decree_on_Protected_Areas__01.11.1993.pdf,22/5/2014,English,Not found,10/28/2011, ,2011,Y,Virachey National Park,National Park, , ,1993,73344515.14,7334.451514,60969.08534,73344515.14,529037.3279,3386327076
117,1,38,57,Virachey National Park,National Park,Virachey,National Park and ASEAN Heritage Park,Y,1993,338632.7077,"332,500",Stung Treng,Not found,Not found,Royal_Decree_on_Protected_Areas__01.11.1993.pdf,22/5/2014,English, , ,Try Pheap Import Export,2011,Y,Virachey National Park,National Park,National Park and ASEAN Heritage Park,Y,1993,95897311.54,9589.731154,50638.41872,95897311.54,529037.3279,3386327076
118,1,38,58,Virachey National Park,National Park,Virachey,National Park and ASEAN Heritage Park,Y,1993,338632.7077,"332,500",Stung Treng,Not found,Not found,Royal_Decree_on_Protected_Areas__01.11.1993.pdf,22/5/2014,English, , ,Try Pheap MDS,2011,Y,Virachey National Park,National Park,National Park and ASEAN Heritage Park,Y,1993,91468036.66,9146.803666,45796.25682,91468036.66,529037.3279,3386327076
119,1,38,60,Virachey National Park,National Park,Virachey,National Park and ASEAN Heritage Park,Y,1993,338632.7077,"332,500",Stung Treng,Not found,Not found,Royal_Decree_on_Protected_Areas__01.11.1993.pdf,22/5/2014,English, , ,Noupheap Sophy,2011,Y,Virachey National Park,National Park, , ,1993,97803190.72,9780.319072,90435.18418,97803190.72,529037.3279,3386327076
120,1,38,61,Virachey National Park,National Park,Virachey,National Park and ASEAN Heritage Park,Y,1993,338632.7077,"332,500",Stung Treng,Not found,Not found,Royal_Decree_on_Protected_Areas__01.11.1993.pdf,22/5/2014,English, , ,Srun Sovannaphoum Investment,2011,Y,Virachey National Park,National Park,National Park and ASEAN Heritage Park,Y,1993,101672452.8,10167.24528,66738.30012,101672452.8,529037.3279,3386327076
121,1,38,65,Virachey National Park,National Park,Virachey,National Park and ASEAN Heritage Park,Y,1993,338632.7077,"332,500",Stung Treng,Not found,Not found,Royal_Decree_on_Protected_Areas__01.11.1993.pdf,22/5/2014,English, , ,Hoang Anh Andong Meas,2011,Y,Virachey National Park,National Park,National Park and ASEAN Heritage Park,Y,1993,97583952.21,9758.395221,45144.76425,97583952.21,529037.3279,3386327076
122,1,39,6,Snuol Wildlife Sanctuary,Wildlife Sanctuary,Snoul,Wildlife Sanctuary,N,1993,75397.47065,"75,000",Kratie,Not found,Not found,Royal_Decree_on_Protected_Areas__01.11.1993.pdf,22/5/2014,English,10/24/2011,Not found, ,2011,Y,Keo Seima Wildlife Sanctuary,Wildlife Sanctuary, , ,2004,107817604,10781.7604,47448.59334,107817604,221287.222,753974706.9
123,1,39,34,Snuol Wildlife Sanctuary,Wildlife Sanctuary,Snoul,Wildlife Sanctuary,N,1993,75397.47065,"75,000",Kratie,Not found,Not found,Royal_Decree_on_Protected_Areas__01.11.1993.pdf,22/5/2014,English, , ,Hout Sambath,2009,Y,Snuol Wildlife Sanctuary,Wildlife Sanctuary,Wildlife Sanctuary,N,1993,64262402.05,6426.240205,34370.343,64262402.05,221287.222,753974706.9
124,1,39,35,Snuol Wildlife Sanctuary,Wildlife Sanctuary,Snoul,Wildlife Sanctuary,N,1993,75397.47065,"75,000",Kratie,Not found,Not found,Royal_Decree_on_Protected_Areas__01.11.1993.pdf,22/5/2014,English, , ,Samnang Angkor,2009,Y,Snuol Wildlife Sanctuary,Wildlife Sanctuary,Wildlife Sanctuary,N,1993,15648109.67,1564.810967,20661.95526,15648109.67,221287.222,753974706.9
125,1,39,46,Snuol Wildlife Sanctuary,Wildlife Sanctuary,Snoul,Wildlife Sanctuary,N,1993,75397.47065,"75,000",Kratie,Not found,Not found,Royal_Decree_on_Protected_Areas__01.11.1993.pdf,22/5/2014,English, , ,Trach Nhiem Han Dau,2010,Y,Keo Seima Wildlife Sanctuary,Wildlife Sanctuary, , ,2004,45216379.04,4521.637904,53351.58082,45216379.04,221287.222,753974706.9
126,1,39,47,Snuol Wildlife Sanctuary,Wildlife Sanctuary,Snoul,Wildlife Sanctuary,N,1993,75397.47065,"75,000",Kratie,Not found,Not found,Royal_Decree_on_Protected_Areas__01.11.1993.pdf,22/5/2014,English, , ,Vietnam Kampuchia Economic Trade and Industry (VKETI),2010,Y,Keo Seima Wildlife Sanctuary,Wildlife Sanctuary, , ,2004,49514603.58,4951.460358,30319.04817,49514603.58,221287.222,753974706.9
127,1,39,48,Snuol Wildlife Sanctuary,Wildlife Sanctuary,Snoul,Wildlife Sanctuary,N,1993,75397.47065,"75,000",Kratie,Not found,Not found,Royal_Decree_on_Protected_Areas__01.11.1993.pdf,22/5/2014,English, , ,Sovann Reachsey,2010,Y,Keo Seima Wildlife Sanctuary,Wildlife Sanctuary, , ,2004,65371319.75,6537.131975,48058.07831,65371319.75,221287.222,753974706.9
128,1,39,51,Snuol Wildlife Sanctuary,Wildlife Sanctuary,Snoul,Wildlife Sanctuary,N,1993,75397.47065,"75,000",Kratie,Not found,Not found,Royal_Decree_on_Protected_Areas__01.11.1993.pdf,22/5/2014,English, , ,TTY,2010,Y,Snuol Wildlife Sanctuary,Wildlife Sanctuary, , ,1993,94932856.33,9493.285633,57473.47881,94932856.33,221287.222,753974706.9
129,1,39,52,Snuol Wildlife Sanctuary,Wildlife Sanctuary,Snoul,Wildlife Sanctuary,N,1993,75397.47065,"75,000",Kratie,Not found,Not found,Royal_Decree_on_Protected_Areas__01.11.1993.pdf,22/5/2014,English, , ,Memot Rubber Plantation,2010,Y,Snuol Wildlife Sanctuary,Wildlife Sanctuary, , ,1993,98236106.46,9823.610646,73271.77623,98236106.46,221287.222,753974706.9
130,1,39,54,Snuol Wildlife Sanctuary,Wildlife Sanctuary,Snoul,Wildlife Sanctuary,N,1993,75397.47065,"75,000",Kratie,Not found,Not found,Royal_Decree_on_Protected_Areas__01.11.1993.pdf,22/5/2014,English, , ,Sovann Vuthy,2010,Y,Snuol Wildlife Sanctuary,Wildlife Sanctuary,Wildlife Sanctuary,N,1993,50803411.99,5080.341199,47187.11925,50803411.99,221287.222,753974706.9
131,1,39,63,Snuol Wildlife Sanctuary,Wildlife Sanctuary,Snoul,Wildlife Sanctuary,N,1993,75397.47065,"75,000",Kratie,Not found,Not found,Royal_Decree_on_Protected_Areas__01.11.1993.pdf,22/5/2014,English, , ,Binh Phuoc Kratie Rubber 2,2011,Y,Keo Seima Wildlife Sanctuary,Wildlife Sanctuary, , ,2004,55593807.47,5559.380747,52417.33058,55593807.47,221287.222,753974706.9
132,1,39,88,Snuol Wildlife Sanctuary,Wildlife Sanctuary,Snoul,Wildlife Sanctuary,N,1993,75397.47065,"75,000",Kratie,Not found,Not found,Royal_Decree_on_Protected_Areas__01.11.1993.pdf,22/5/2014,English, , ,E-Investment,2011,Y,Snuol Wildlife Sanctuary,Wildlife Sanctuary,Wildlife Sanctuary,N,1993,66093125.05,6609.312505,37023.5289,66093125.05,221287.222,753974706.9
136,1,42,8,Botum Sakor National Park,National Park,Botum Sakor,National Park,N,1993,182889.895,"171,250",Koh Kong,Not found,Not found,Royal_Decree_on_Protected_Areas__01.11.1993.pdf,22/5/2014,English,Not found,4/1/2011, ,2011,Y,Botum Sakor National Park,National Park,National Park,N,1993,98355169.61,9835.516961,44146.00281,98355169.61,257913.4404,1828898950
137,1,42,15,Botum Sakor National Park,National Park,Botum Sakor,National Park,N,1993,182889.895,"171,250",Koh Kong,Not found,Not found,Royal_Decree_on_Protected_Areas__01.11.1993.pdf,22/5/2014,English, , ,Green Rich,1998,Y,Botum Sakor National Park,National Park, , ,1993,197009075.9,19700.90759,70130.00667,197009075.9,257913.4404,1828898950
138,1,42,26,Botum Sakor National Park,National Park,Botum Sakor,National Park,N,1993,182889.895,"171,250",Koh Kong,Not found,Not found,Royal_Decree_on_Protected_Areas__01.11.1993.pdf,22/5/2014,English, , ,LYP Kiri Sakor Koh Kong SEZ,2008,Y,Botum Sakor National Park,National Park, , ,1993,121654661.1,12165.46611,65553.63567,121654661.1,257913.4404,1828898950
139,1,42,28,Botum Sakor National Park,National Park,Botum Sakor,National Park,N,1993,182889.895,"171,250",Koh Kong,Not found,Not found,Royal_Decree_on_Protected_Areas__01.11.1993.pdf,22/5/2014,English, , ,Union Development Group,2009,Y,Botum Sakor National Park,National Park, , ,1993,362808144.1,36280.81441,166341.3351,362808144.1,257913.4404,1828898950
140,1,42,43,Botum Sakor National Park,National Park,Botum Sakor,National Park,N,1993,182889.895,"171,250",Koh Kong,Not found,Not found,Royal_Decree_on_Protected_Areas__01.11.1993.pdf,22/5/2014,English, , ,LYP Group,2010,Y,Botum Sakor National Park,National Park,National Park,N,1993,40974852.88,4097.485288,26599.80299,40974852.88,257913.4404,1828898950
141,1,42,83,Botum Sakor National Park,National Park,Botum Sakor,National Park,N,1993,182889.895,"171,250",Koh Kong,Not found,Not found,Royal_Decree_on_Protected_Areas__01.11.1993.pdf,22/5/2014,English, , ,Sino Mexim,2011,Y,Botum Sakor National Park,National Park,National Park,N,1993,42219703.77,4221.970377,44518.63304,42219703.77,257913.4404,1828898950
142,1,42,85,Botum Sakor National Park,National Park,Botum Sakor,National Park,N,1993,182889.895,"171,250",Koh Kong,Not found,Not found,Royal_Decree_on_Protected_Areas__01.11.1993.pdf,22/5/2014,English, , ,Union Development Group,2011,Y,Botum Sakor National Park,National Park,National Park,N,1993,90538440.66,9053.844066,70935.49935,90538440.66,257913.4404,1828898950
143,1,42,112,Botum Sakor National Park,National Park,Botum Sakor,National Park,N,1993,182889.895,"171,250",Koh Kong,Not found,Not found,Royal_Decree_on_Protected_Areas__01.11.1993.pdf,22/5/2014,English, , ,JW Cambodia Eco Holidays,2017,Y,Botum Sakor National Park,National Park,National Park,N,1993,50723680.56,5072.368056,45162.70413,50723680.56,257913.4404,1828898950
145,0,44,-1,Roniem Daun Sam III Wildlife Sanctuary,Wildlife Sanctuary,Roniem Daun sam III,Wildlife Sanctuary,N,1993,2099.96799,"2,121",Battambang,Not found,Not found,Royal_Decree_No_291__29.09.2003.pdf,22/5/2014,English,,,,,,,,,,,,,,,19999.84753,20999679.59
149,1,48,15,Peam Krasop Wildlife Sanctuary,Wildlife Sanctuary,Peam Krasop,Wildlife Sanctuary,N,1993,25472.44108,"23,750",Koh Kong,Not found,Not found,Royal_Decree_on_Protected_Areas__01.11.1993.pdf,22/5/2014,English, , ,Green Rich,1998,Y,Botum Sakor National Park,National Park, , ,1993,197009075.9,19700.90759,70130.00667,197009075.9,88196.60952,254724410.9
152,0,51,-1,Prasat Bakan Protected Landscape,Protected Landscape,Beng Per,Wildlife Sanctuary,Y,1993,2130.301603,"2,124",Preah Vihear,Sangkum Thmei,Not found,Sub-decree_No_144__31.08.2017.pdf,7/11/2017,English,,,,,,,,,,,,,,,21550.16015,21303016.02
154,0,53,-1,Phnom Yart Natural Heritage Site,Natural Heritage Site,Samlaut,Multiple Use Management Area,Y,1993,32.0204,31.951,Pailin,Pailin,Pailin,Sub_decree_100__19.06.2017.pdf,28/8/2017,English,,,,,,,,,,,,,,,2530.039488,320204.0208
155,1,54,30,Samlaut Multiple Use Area,Multiple Use Management Area,Samlaut,Multiple Use Management Area,N,1993,60982.93621,"60,000",Battambang,Not found,Not found,Royal_Decree_on_Protected_Areas__01.11.1993.pdf,22/5/2014,English, , ,Rath Sambath,2009,Y,Samlaut Multiple Use Area,Multiple Use Management Area, , ,1993,52000036.58,5200.003658,34000.01191,52000036.58,139122.3489,609829362.3
61,1,16,45,Phnom Samkos Wildlife Sanctuary,Wildlife Sanctuary,Phnom Samkos,Wildlife Sanctuary,N,1994,330200.0373,"333,750",Koh Kong,Not found,Not found,Royal_Decree_on_Protected_Areas__01.11.1993.pdf,22/5/2014,English, , ,MDS Import Export,2010,Y,Phnom Samkos Wildlife Sanctuary,Wildlife Sanctuary,Wildlife Sanctuary,N,1994,20230842.53,2023.084253,29000.41818,20230842.53,342779.4735,3302000373
62,1,16,53,Phnom Samkos Wildlife Sanctuary,Wildlife Sanctuary,Phnom Samkos,Wildlife Sanctuary,N,1994,330200.0373,"333,750",Koh Kong,Not found,Not found,Royal_Decree_on_Protected_Areas__01.11.1993.pdf,22/5/2014,English, , ,MDS Thmor Da SEZ,2010,Y,Phnom Samkos Wildlife Sanctuary,Wildlife Sanctuary, , ,1994,26668862.82,2666.886282,38643.31468,26668862.82,342779.4735,3302000373
63,1,16,55,Phnom Samkos Wildlife Sanctuary,Wildlife Sanctuary,Phnom Samkos,Wildlife Sanctuary,N,1994,330200.0373,"333,750",Koh Kong,Not found,Not found,Royal_Decree_on_Protected_Areas__01.11.1993.pdf,22/5/2014,English, , ,MDS Import Export,2010,Y,Phnom Samkos Wildlife Sanctuary,Wildlife Sanctuary,Wildlife Sanctuary,N,1994,43733451.98,4373.345198,52007.5959,43733451.98,342779.4735,3302000373
113,1,37,22,Ream National Park,National Park,Ream,National Park,N,1995,14418.00181,"150,000",Preah Sihanouk,Not found,Not found,Royal_Decree_on_Protected_Areas__01.11.1993.pdf,22/5/2014,English, , ,Evergreen Success & Asia Resort,2007,Y,Ream National Park,National Park, , ,1995,23336735.9,2333.67359,30440.54696,23336735.9,65473.61075,144180018.1
114,1,37,24,Ream National Park,National Park,Ream,National Park,N,1995,14418.00181,"150,000",Preah Sihanouk,Not found,Not found,Royal_Decree_on_Protected_Areas__01.11.1993.pdf,22/5/2014,English, , ,Sihanoukville Special Economic Zone (SSEZ),2008,Y,Ream National Park,National Park, , ,1995,11230072.8,1123.00728,25261.94823,11230072.8,65473.61075,144180018.1
133,0,40,-1,Prek Teuk Sap Kbal Chhay Multiple Use Area,Multiple Use Management Area,Kbal Chay,Protected Forest,Y,1997,5516.575823,"5,520",Preah Sihanouk,Not found,Not found,Sub-decree_No_116__05.06.2016.pdf;Sub_decree_No_78__09.05.2016.pdf,8/6/2016,English,,,,,,,,,,,,,,,35390.45201,55165758.31
86,0,20,-1,Chheb Wildlife Sanctuary,Wildlife Sanctuary,Preah Vihear,Protected Forest,Y,1999,190086.9872,"190,027","Preah Vihear, Stung Treng",Not found,Not found,Sub_decree_No_79__09.05.2016.pdf,24/5/2016,English,,,,,,,,,,,,,,,386648.8378,1900869872
87,0,21,-1,Srepok Wildlife Sanctuary,Wildlife Sanctuary,Mondulkiri,Protected Forest,Y,1999,372829.4572,"372,971",Mondul Kiri,Not found,Not found,Sub_decree_No_85__09.05.2016.pdf,24/5/2016,English,,,,,,,,,,,,,,,324316.8153,3728294570
88,1,22,39,Central Cardamom Mountains National Park,National Park,Central Cardamom Mountains,Protected Forest,Y,1999,401500.2187,"401,313","Koh Kong, Pursat, Kampong Speu",Not found,Not found,Sub_decree_No_81__09.05.2016.pdf,24/5/2016,English, , ,Great Field,2010,Y,Phnom Aural Wildlife Sanctuary,Wildlife Sanctuary, , ,1993,89604390.53,8960.439053,61103.37824,89604390.53,403899.0997,4015002186
89,0,23,-1,Ang Trapeang Thmor Protected Landscape,Protected Landscape,Ang Trapeng Thmor,Protected Forest,Y,1999,12905.63626,"12,650",Banteay Meanchey,Not found,Not found,Sub_decree_No_100__23.05.2016.pdf,26/5/2016,English,,,,,,,,,,,,,,,46458.92431,129056362.4
112,0,36,-1,Stung Treng Ramsar Site,Ramsar Site,Middle Stretches of the Mekong River north of Stoeng Treng,"Ramsar Site, Wetland of International Importance",Y,1999,14964.61184,"14,600",Stung Treng,Not found,Not found,National_Report_On_Protected_Areas_and_Development__2003.pdf;Situation_Analysis_Stung_Treng_Province_Cambodia__2005.pdf; Stung_Treng_Ramsar__23.06.1999.pdf,22/5/2014,English,,,,,,,,,,,,,,,96106.50554,149646118.4
148,1,47,15,Koh Kapik and Associated Islets,Ramsar Site,Koh Kapik and Associated Islets,"Ramsar Site, Wetland of International Importance",Y,1999,13719.01538,"12,000",Koh Kong,Not found,Not found,Koh_Kapik_and_Associated_Islets__23.06.1999.pdf,22/5/2014,English, , ,Green Rich,1998,Y,Botum Sakor National Park,National Park, , ,1993,197009075.9,19700.90759,70130.00667,197009075.9,63955.1069,137190153.9
99,0,32,-1,Sambor Prey Kok Temple Cultural Resort,Protected Landscape, , ,N,2003,3358.082192,"2,982",Kampong Thom,Prasat Sambor,Not found,Royal_Decree_No_116__13.03.2003.pdf,8/4/2016,English,,,,,,,,,,,,,,,26089.0643,33580821.99
101,0,34,-1,Cultural Resort of Banteay Top Temple,Protected Landscape, , ,N,2003,108.0369223,108,Banteay Meanchey,Not found,Not found,Royal_Decree_No_118__13.03.2003.pdf,22/5/2014,English,,,,,,,,,,,,,,,4243.852535,1080369.183
97,0,30,-1,Koh Kae Protected Resort,Protected Landscape, , ,N,2004,3599.94417,"3,508",Preah Vihear,Kulen,Srayang,Royal_Decree_No_70__28.05.2004.pdf,8/4/2016,English,,,,,,,,,,,,,,,23999.81381,35999441.43
98,0,31,-1,Beng Mealea Protected Area,Protected Landscape, , ,N,2004,554.6415645,315,Siem Reap,Svay Leu,Beng Mealea,Sub_Decree_No_12__28.04.2004.pdf,8/4/2016,English,,,,,,,,,,,,,,,10640.23255,5546415.741
102,1,35,4,Keo Seima Wildlife Sanctuary,Wildlife Sanctuary,Seima,Protected Forest,Y,2004,293145.7758,"292,690","Mondul Kiri?, Kratie",Not found,Not found,Sub_decree_No_83__09.05.2016.pdf,24/5/2016,English,10/24/2011,Not found, ,2011,Y,Keo Seima Wildlife Sanctuary,Wildlife Sanctuary,Protected Forest,Y,2004,106485850.4,10648.58504,44022.87219,106485850.4,398486.1242,2931457758
103,1,35,6,Keo Seima Wildlife Sanctuary,Wildlife Sanctuary,Seima,Protected Forest,Y,2004,293145.7758,"292,690","Mondul Kiri?, Kratie",Not found,Not found,Sub_decree_No_83__09.05.2016.pdf,24/5/2016,English,10/24/2011,Not found, ,2011,Y,Keo Seima Wildlife Sanctuary,Wildlife Sanctuary, , ,2004,107817604,10781.7604,47448.59334,107817604,398486.1242,2931457758
104,1,35,12,Keo Seima Wildlife Sanctuary,Wildlife Sanctuary,Seima,Protected Forest,Y,2004,293145.7758,"292,690","Mondul Kiri?, Kratie",Not found,Not found,Sub_decree_No_83__09.05.2016.pdf,24/5/2016,English,Not found,9/7/2011, ,2011,Y,Phnom Prich Wildlife Sanctuary,Wildlife Sanctuary, , ,1993,91348883.93,9134.888393,62600.5713,91348883.93,398486.1242,2931457758
105,1,35,21,Keo Seima Wildlife Sanctuary,Wildlife Sanctuary,Seima,Protected Forest,Y,2004,293145.7758,"292,690","Mondul Kiri?, Kratie",Not found,Not found,Sub_decree_No_83__09.05.2016.pdf,24/5/2016,English, , ,Wuzhishan L.S Group,2005,Y,Keo Seima Wildlife Sanctuary,Wildlife Sanctuary, , ,2004,209592106.4,20959.21064,100546.5789,209592106.4,398486.1242,2931457758
106,1,35,46,Keo Seima Wildlife Sanctuary,Wildlife Sanctuary,Seima,Protected Forest,Y,2004,293145.7758,"292,690","Mondul Kiri?, Kratie",Not found,Not found,Sub_decree_No_83__09.05.2016.pdf,24/5/2016,English, , ,Trach Nhiem Han Dau,2010,Y,Keo Seima Wildlife Sanctuary,Wildlife Sanctuary, , ,2004,45216379.04,4521.637904,53351.58082,45216379.04,398486.1242,2931457758
107,1,35,47,Keo Seima Wildlife Sanctuary,Wildlife Sanctuary,Seima,Protected Forest,Y,2004,293145.7758,"292,690","Mondul Kiri?, Kratie",Not found,Not found,Sub_decree_No_83__09.05.2016.pdf,24/5/2016,English, , ,Vietnam Kampuchia Economic Trade and Industry (VKETI),2010,Y,Keo Seima Wildlife Sanctuary,Wildlife Sanctuary, , ,2004,49514603.58,4951.460358,30319.04817,49514603.58,398486.1242,2931457758
108,1,35,48,Keo Seima Wildlife Sanctuary,Wildlife Sanctuary,Seima,Protected Forest,Y,2004,293145.7758,"292,690","Mondul Kiri?, Kratie",Not found,Not found,Sub_decree_No_83__09.05.2016.pdf,24/5/2016,English, , ,Sovann Reachsey,2010,Y,Keo Seima Wildlife Sanctuary,Wildlife Sanctuary, , ,2004,65371319.75,6537.131975,48058.07831,65371319.75,398486.1242,2931457758
109,1,35,63,Keo Seima Wildlife Sanctuary,Wildlife Sanctuary,Seima,Protected Forest,Y,2004,293145.7758,"292,690","Mondul Kiri?, Kratie",Not found,Not found,Sub_decree_No_83__09.05.2016.pdf,24/5/2016,English, , ,Binh Phuoc Kratie Rubber 2,2011,Y,Keo Seima Wildlife Sanctuary,Wildlife Sanctuary, , ,2004,55593807.47,5559.380747,52417.33058,55593807.47,398486.1242,2931457758
110,1,35,72,Keo Seima Wildlife Sanctuary,Wildlife Sanctuary,Seima,Protected Forest,Y,2004,293145.7758,"292,690","Mondul Kiri?, Kratie",Not found,Not found,Sub_decree_No_83__09.05.2016.pdf,24/5/2016,English, , ,Villa Development,2011,Y,Phnom Prich Wildlife Sanctuary,Wildlife Sanctuary, , ,1993,8255805.229,825.5805229,15610.85554,8255805.229,398486.1242,2931457758
111,1,35,111,Keo Seima Wildlife Sanctuary,Wildlife Sanctuary,Seima,Protected Forest,Y,2004,293145.7758,"292,690","Mondul Kiri?, Kratie",Not found,Not found,Sub_decree_No_83__09.05.2016.pdf,24/5/2016,English, , ,Pacific Glory Joint-Stock,2014,Y,Phnom Prich Wildlife Sanctuary,Wildlife Sanctuary, , ,1993,99367961.06,9936.796106,61782.41157,99367961.06,398486.1242,2931457758
94,0,27,-1,Boeung Prek Lpeou Protected Landscape,Protected Landscape,Trapeang Lpeou,Protected Forest,Y,2007,8304.898282,"8,305",Takeo,Not found,Not found,Sub_decree_No_90__09.05.2016.pdf,25/5/2016,English,,,,,,,,,,,,,,,36642.6004,83048983.32
134,1,41,33,Ou Ya Dav National Park,National Park,Nsok,Protected Forest,Y,2009,101316.1804,"101,348",Ratanak Kiri,Not found,Not found,Sub_decree_No_82__09.05.2016.pdf,24/5/2016,English, , ,Heng Heap,2009,Y,Ou Ya Dav National Park,National Park, , ,2009,70651656.86,7065.165686,35169.04716,70651656.86,166651.0603,1013161804
135,1,41,109,Ou Ya Dav National Park,National Park,Nsok,Protected Forest,Y,2009,101316.1804,"101,348",Ratanak Kiri,Not found,Not found,Sub_decree_No_82__09.05.2016.pdf,24/5/2016,English, , ,Rat Sokhorn Incorporation,2012,Y,Lomphat Wildlife Sanctuary,Wildlife Sanctuary, , ,1993,88911669.66,8891.166966,65497.50843,88911669.66,166651.0603,1013161804
147,0,46,-1,Techo Sen Russey Treb Cambodian Royal Academy National Park,National Park, , ,N,2014,11406.64228,"11,435",Preah Vihear,Chheb,"Chheb Lech, Chheb Kert",Royal_Decree_No_0418_436__08.04.2014.pdf,22/5/2014,English,,,,,,,,,,,,,,,52809.24297,114066423.3
162,1,61,3,Siem Pang Wildlife Sanctuary,Wildlife Sanctuary,Western Siem Pang Protected Forest,Protected Forest,Y,2014,133803.9064,"133,707.73",Stung Treng,Not found,Not found,Sub_decree_No_76__09.05.2016.pdf; Sub_decree_No_86__09.05.2016.pdf; Sub_Decree_No_161__06.11.2019.pdf,3/12/2019,English,11/23/2001,Not found, ,2001,Y,Siem Pang Wildlife Sanctuary,Wildlife Sanctuary,Protected Forest,Y,2014,1577968932,157796.8932,281578.7471,1577968932,269390.764,1338039064
163,1,61,9,Siem Pang Wildlife Sanctuary,Wildlife Sanctuary,Western Siem Pang Protected Forest,Protected Forest,Y,2014,133803.9064,"133,707.73",Stung Treng,Not found,Not found,Sub_decree_No_76__09.05.2016.pdf; Sub_decree_No_86__09.05.2016.pdf; Sub_Decree_No_161__06.11.2019.pdf,3/12/2019,English,4/12/2006,Not found, ,2006,Y,Siem Pang Wildlife Sanctuary,Wildlife Sanctuary,Protected Forest,Y,2014,141172435.4,14117.24354,94423.35885,141172435.4,269390.764,1338039064
1,0,1,-1,Prey Lang Wildlife Sanctuary,Wildlife Sanctuary, , ,N,2016,432071.218,"431,683","Stung Treng, Kampong Thom, Kratie, Preah Vihear",Not found,Not found,Sub_decree_No_74__09.05.2016.pdf,25/5/2016,English,,,,,,,,,,,,,,,439081.3424,4320712180
2,0,2,-1,Veun Sai-Siem Pang National Park,National Park, , ,N,2016,57546.47096,"57,469","Stung Treng, Ratanak Kiri",Not found,Not found,Sub_decree_No_77__09.05.2016.pdf,25/5/2016,English,,,,,,,,,,,,,,,115762.3999,575464710.6
11,0,4,-1,Preah Rokar Wildlife Sanctuary,Wildlife Sanctuary, , ,N,2016,90386.54113,"90,361",Preah Vihear,Not found,Not found,Sub_decree_No_75__09.05.2016.pdf,25/5/2016,English,,,,,,,,,,,,,,,134600.9535,903865411.2
30,0,7,-1,Anloung Pring Protected Landscape,Protected Landscape, , ,N,2016,217.1875785,217,Kampot,Not found,Not found,Sub_decree_No_84__09.05.2016.pdf,24/5/2016,English,,,,,,,,,,,,,,,11684.19209,2171875.814
31,0,8,-1,Ponhea Kraek Multiple Use Area,Multiple Use Management Area, , ,N,2016,199.3476,199,Tboung Khmum,Not found,Not found,Sub_decree_No_87__09.05.2016.pdf,25/5/2016,English,,,,,,,,,,,,,,,13320.51646,1993476.092
32,0,9,-1,Southern Cardamom Mountains National Park,National Park, , ,N,2016,411436.9346,"410,392","Koh Kong, Pursat, Kampong Speu, Preah Sihanouk",Not found,Not found,Sub_decree_No_89__09.05.2016.pdf,25/5/2016,English,,,,,,,,,,,,,,,645461.2294,4114369345
90,0,24,-1,Tonle Sap Northern Lowland Protected Landscape,Protected Landscape, , ,N,2016,31490.29174,"31,159","Kampong Thom, Siem Reap",Not found,Not found,Sub_decree_No_88__09.05.2016.pdf,26/5/2016,English,,,,,,,,,,,,,,,214226.074,314902917.4
144,0,43,-1,Tatai Wildlife Sanctuary,Wildlife Sanctuary, , ,N,2016,144266.0082,"144,275",Koh Kong,Not found,Not found,Sub_decree_No_80__09.05.2016.pdf,24/5/2016,English,,,,,,,,,,,,,,,274442.585,1442660083
151,0,50,-1,Phnom Tbeng Natural Heritage Site,Natural Heritage Site, , ,N,2016,25221.36941,"25,269.41",Preah Vihear,Preah Vihear;Tbeng Meanchey;Sangkum Thmei;Rovieng;Kulen, ,sub_decree_No.189__13.09.2016.pdf,28/9/2016,English,,,,,,,,,,,,,,,107081.4271,252213694.1
153,0,52,-1,Phnom Thnout- Phnom Pok Wildlife Sanctuary,Wildlife Sanctuary, , ,N,2017,42144.34514,"42,097","Preah Vihear, Siem Reap","Sangkum Thmei, Kuleaen, Chi Kraeng",Not found,Sub-decree_No_143__31.08.2017.pdf,7/11/2017,English,,,,,,,,,,,,,,,104824.4671,421443450.7
156,0,55,-1,Phnom Neang Kang Rey- Phnom Teuk Meas Multiple Use Area,Multiple Use Management Area, , ,N,2017,5065.608814,"5,063",Kampong Chhnang,Kampong Leaeng,Pou;Trangel;Chranouk;Dar;Svay Rumpear,Sub_decree_no_201__28.11.2017.pdf,20/12/2017,English,,,,,,,,,,,,,,,66238.718,50656088.24
157,0,56,-1, Sor Sor Sdom Tao Multiple Use Area,Multiple Use Management Area, , ,N,2017,830.4173222,839,Kratie,Sambour,Not found,Sub_decree_no_201__28.11.2017.pdf,26/12/2017,English,,,,,,,,,,,,,,,20289.71107,8304173.453
146,0,45,-1,Boeng Lomkod Proected Landscape,Protected Landscape, , ,N,2018,111.1122991,110.91,Ratanak Kiri,Lumphat,Seda,Sub_Decree_No_174__25.12.2018.pdf,9/1/2019,English,,,,,,,,,,,,,,,4318.540454,1111122.989
150,0,49,-1,Boeng Yeak Laom Multiple Use Area,Multiple Use Management Area, , ,N,2018,225.5992487,225,Ratanak Kiri,Ban Lung,Yeak Laom,Sub_Decree_No_78__13.06.2018.pdf,22/06/2018,English,,,,,,,,,,,,,,,6182.964417,2255992.478
158,0,57,-1,Sorng Rokha Vorn Wildlife Sanctuary,Wildlife Sanctuary, , ,N,2018,30157.38328,30254,Oddar Meanchey,Samraong; Anlong Veaeng; Chong Kal;,Not found,Sub_Decree_No_49__05.04.2018.pdf,20/06/2018,English,,,,,,,,,,,,,,,126482.8285,301573832.6
159,0,58,-1,Preaek Prasab Wildlife Sanctuary,Wildlife Sanctuary, , ,N,2018,12757.90428,12770,Kratie,Sambor;Preaek Prasab,Not found,Sub_Decree_No_128__05.10.2018.pdf,25/10/2018,English,,,,,,,,,,,,,,,84237.28799,127579043.5
161,0,60,-1,Sambor Wildlife Sanctuary,Wildlife Sanctuary, , ,N,2018,50205.11344,50093,Kratie,Sambor,Not found,Sub_Decree_No_129__05.10.2018.pdf,25/10/2018,English,,,,,,,,,,,,,,,208668.7525,502051134.3
